{
  "hash": "88710aee",
  "configHash": "3674c170",
  "lockfileHash": "516402ec",
  "browserHash": "d1adcc32",
  "optimized": {
    "@angular/common": {
      "src": "../../../../../node_modules/@angular/common/fesm2022/common.mjs",
      "file": "@angular_common.js",
      "fileHash": "4285b465",
      "needsInterop": false
    },
    "@angular/common/http": {
      "src": "../../../../../node_modules/@angular/common/fesm2022/http.mjs",
      "file": "@angular_common_http.js",
      "fileHash": "c1b17c2b",
      "needsInterop": false
    },
    "@angular/core": {
      "src": "../../../../../node_modules/@angular/core/fesm2022/core.mjs",
      "file": "@angular_core.js",
      "fileHash": "b8ffb5fd",
      "needsInterop": false
    },
    "@angular/forms": {
      "src": "../../../../../node_modules/@angular/forms/fesm2022/forms.mjs",
      "file": "@angular_forms.js",
      "fileHash": "e3940c55",
      "needsInterop": false
    },
    "@angular/platform-browser": {
      "src": "../../../../../node_modules/@angular/platform-browser/fesm2022/platform-browser.mjs",
      "file": "@angular_platform-browser.js",
      "fileHash": "a3e4f2e3",
      "needsInterop": false
    },
    "@angular/platform-browser/animations": {
      "src": "../../../../../node_modules/@angular/platform-browser/fesm2022/animations.mjs",
      "file": "@angular_platform-browser_animations.js",
      "fileHash": "372e9779",
      "needsInterop": false
    },
    "@angular/router": {
      "src": "../../../../../node_modules/@angular/router/fesm2022/router.mjs",
      "file": "@angular_router.js",
      "fileHash": "169f5758",
      "needsInterop": false
    },
    "ng-zorro-antd/button": {
      "src": "../../../../../node_modules/ng-zorro-antd/fesm2022/ng-zorro-antd-button.mjs",
      "file": "ng-zorro-antd_button.js",
      "fileHash": "c3efd282",
      "needsInterop": false
    },
    "ng-zorro-antd/core/transition-patch": {
      "src": "../../../../../node_modules/ng-zorro-antd/fesm2022/ng-zorro-antd-core-transition-patch.mjs",
      "file": "ng-zorro-antd_core_transition-patch.js",
      "fileHash": "c7b00627",
      "needsInterop": false
    },
    "ng-zorro-antd/core/wave": {
      "src": "../../../../../node_modules/ng-zorro-antd/fesm2022/ng-zorro-antd-core-wave.mjs",
      "file": "ng-zorro-antd_core_wave.js",
      "fileHash": "d73c1ad8",
      "needsInterop": false
    },
    "ng-zorro-antd/date-picker": {
      "src": "../../../../../node_modules/ng-zorro-antd/fesm2022/ng-zorro-antd-date-picker.mjs",
      "file": "ng-zorro-antd_date-picker.js",
      "fileHash": "ffe3e8af",
      "needsInterop": false
    },
    "ng-zorro-antd/form": {
      "src": "../../../../../node_modules/ng-zorro-antd/fesm2022/ng-zorro-antd-form.mjs",
      "file": "ng-zorro-antd_form.js",
      "fileHash": "bcb0e0e1",
      "needsInterop": false
    },
    "ng-zorro-antd/grid": {
      "src": "../../../../../node_modules/ng-zorro-antd/fesm2022/ng-zorro-antd-grid.mjs",
      "file": "ng-zorro-antd_grid.js",
      "fileHash": "8ede218f",
      "needsInterop": false
    },
    "ng-zorro-antd/input": {
      "src": "../../../../../node_modules/ng-zorro-antd/fesm2022/ng-zorro-antd-input.mjs",
      "file": "ng-zorro-antd_input.js",
      "fileHash": "174e570e",
      "needsInterop": false
    },
    "ng-zorro-antd/layout": {
      "src": "../../../../../node_modules/ng-zorro-antd/fesm2022/ng-zorro-antd-layout.mjs",
      "file": "ng-zorro-antd_layout.js",
      "fileHash": "62a3a1a9",
      "needsInterop": false
    },
    "ng-zorro-antd/message": {
      "src": "../../../../../node_modules/ng-zorro-antd/fesm2022/ng-zorro-antd-message.mjs",
      "file": "ng-zorro-antd_message.js",
      "fileHash": "e28c172b",
      "needsInterop": false
    },
    "ng-zorro-antd/select": {
      "src": "../../../../../node_modules/ng-zorro-antd/fesm2022/ng-zorro-antd-select.mjs",
      "file": "ng-zorro-antd_select.js",
      "fileHash": "e75748e4",
      "needsInterop": false
    },
    "ng-zorro-antd/spin": {
      "src": "../../../../../node_modules/ng-zorro-antd/fesm2022/ng-zorro-antd-spin.mjs",
      "file": "ng-zorro-antd_spin.js",
      "fileHash": "26f36057",
      "needsInterop": false
    },
    "ng-zorro-antd/time-picker": {
      "src": "../../../../../node_modules/ng-zorro-antd/fesm2022/ng-zorro-antd-time-picker.mjs",
      "file": "ng-zorro-antd_time-picker.js",
      "fileHash": "01bf9d0e",
      "needsInterop": false
    },
    "ng-zorro-antd/upload": {
      "src": "../../../../../node_modules/ng-zorro-antd/fesm2022/ng-zorro-antd-upload.mjs",
      "file": "ng-zorro-antd_upload.js",
      "fileHash": "df42f859",
      "needsInterop": false
    }
  },
  "chunks": {
    "chunk-CXBC3ENV": {
      "file": "chunk-CXBC3ENV.js"
    },
    "chunk-IBCRKKGL": {
      "file": "chunk-IBCRKKGL.js"
    },
    "chunk-EVTIFIST": {
      "file": "chunk-EVTIFIST.js"
    },
    "chunk-X5RNMLGH": {
      "file": "chunk-X5RNMLGH.js"
    },
    "chunk-4GN42OCF": {
      "file": "chunk-4GN42OCF.js"
    },
    "chunk-WP5AVP5Q": {
      "file": "chunk-WP5AVP5Q.js"
    },
    "chunk-AXCUA22A": {
      "file": "chunk-AXCUA22A.js"
    },
    "chunk-BDD2OQ5X": {
      "file": "chunk-BDD2OQ5X.js"
    },
    "chunk-E2FC4SMO": {
      "file": "chunk-E2FC4SMO.js"
    },
    "chunk-LNGCEFFQ": {
      "file": "chunk-LNGCEFFQ.js"
    },
    "chunk-NIMZG7AX": {
      "file": "chunk-NIMZG7AX.js"
    },
    "chunk-LPSEMN26": {
      "file": "chunk-LPSEMN26.js"
    },
    "chunk-34KFHO5Y": {
      "file": "chunk-34KFHO5Y.js"
    },
    "chunk-PPXQQMOV": {
      "file": "chunk-PPXQQMOV.js"
    },
    "chunk-GBPQIVU3": {
      "file": "chunk-GBPQIVU3.js"
    },
    "chunk-J4WE65MT": {
      "file": "chunk-J4WE65MT.js"
    },
    "chunk-EN7HZGHX": {
      "file": "chunk-EN7HZGHX.js"
    },
    "chunk-BMPNON4C": {
      "file": "chunk-BMPNON4C.js"
    },
    "chunk-3LDTFWFR": {
      "file": "chunk-3LDTFWFR.js"
    },
    "chunk-32NQEHB4": {
      "file": "chunk-32NQEHB4.js"
    },
    "chunk-IV3KQ6CZ": {
      "file": "chunk-IV3KQ6CZ.js"
    },
    "chunk-UCKDGZ4V": {
      "file": "chunk-UCKDGZ4V.js"
    },
    "chunk-XU6KJFTU": {
      "file": "chunk-XU6KJFTU.js"
    },
    "chunk-NKASZPQJ": {
      "file": "chunk-NKASZPQJ.js"
    },
    "chunk-BM37EVK5": {
      "file": "chunk-BM37EVK5.js"
    },
    "chunk-F5VXPRTG": {
      "file": "chunk-F5VXPRTG.js"
    }
  }
}